loss,cer,wer,acc
3.4930,1.2494,1.0000,0.0293
2.7979,0.9021,1.4651,0.2118
2.6298,1.1003,1.2857,0.1800
2.5584,1.0794,1.3564,0.2031
2.5691,1.2521,1.1742,0.1825
2.5938,1.2643,1.2093,0.1755
2.5316,1.6107,1.0930,0.1453
2.5242,0.8998,1.1846,0.2294
2.5478,1.0877,1.2958,0.2104
2.5607,0.8679,1.6250,0.2373
2.5886,1.0196,1.5434,0.1992
2.5323,1.0133,1.5473,0.2144
2.5314,1.1972,1.3632,0.1809
2.5208,1.3583,1.3889,0.1770
2.4963,0.9880,1.2914,0.2079
2.4542,1.0536,1.5490,0.2345
2.4370,0.8809,1.2544,0.2642
2.3811,1.3126,1.4071,0.2099
2.3588,0.9856,1.2317,0.2532
2.3634,0.9172,1.0069,0.2491
2.2893,0.9300,1.2033,0.2580
2.2810,0.7136,1.0000,0.3516
2.2555,1.0580,1.4208,0.2363
2.2972,0.7509,1.1688,0.3147
2.1914,0.6579,1.0951,0.3247
2.2016,0.6819,1.1877,0.3164
2.2369,0.8113,1.0960,0.3332
2.1987,0.8289,1.1556,0.3073
2.2278,1.0829,1.1565,0.2710
2.1509,0.7436,1.1587,0.3271
2.1614,1.0275,1.4760,0.2855
2.1917,1.0275,1.2977,0.2711
2.1422,0.7805,1.0981,0.3300
2.0989,0.8521,1.1156,0.3274
2.1083,1.2065,1.1841,0.2537
2.0976,0.8023,1.2176,0.3385
2.0720,0.7434,1.1520,0.3837
2.0945,0.6410,1.1297,0.3925
2.1259,0.6997,1.0935,0.3385
2.0157,0.7073,1.1704,0.3428
2.0481,1.0668,1.1718,0.3020
2.0821,0.9458,1.1104,0.3321
2.1067,0.9687,1.4426,0.3179
2.0896,0.8191,1.1490,0.3545
2.0467,0.6227,1.0469,0.3906
2.0300,0.8065,1.2575,0.3338
2.0349,0.8904,1.4015,0.3343
2.0244,0.7697,1.1828,0.3790
2.0237,1.0115,1.4713,0.3196
2.0974,0.7858,1.1131,0.3585
2.0657,0.9220,1.1126,0.3404
1.9870,1.0460,1.0840,0.3201
2.0509,0.8105,1.1438,0.3606
2.0736,0.8802,1.2165,0.3170
1.9785,0.7006,1.2875,0.4014
2.0069,0.8396,1.1600,0.3612
1.9870,0.7994,1.1462,0.3565
2.0639,0.6842,1.0420,0.3722
2.0430,0.7557,1.1993,0.3679
1.9657,1.1582,1.2181,0.2947
2.0725,0.9760,1.2520,0.2802
2.0178,0.8033,1.1300,0.3750
2.0271,0.9181,1.2764,0.3331
2.0177,1.0415,1.1475,0.3043
2.0156,1.1348,1.4480,0.2826
2.0028,0.8685,1.2835,0.3453
2.0223,0.9491,1.4045,0.2903
2.0278,0.8687,1.1085,0.3318
1.9669,0.6600,1.1610,0.4192
1.9630,0.6471,1.0500,0.4286
1.9860,0.7151,1.1439,0.3958
1.9295,0.6519,1.1587,0.3617
1.9721,0.7407,1.1443,0.3815
2.0347,0.7842,1.3852,0.3836
2.0070,0.8146,1.1643,0.3675
1.9816,0.8571,1.2490,0.3575
2.0644,1.0283,1.1306,0.3025
1.9542,0.8332,1.2148,0.3649
1.9342,0.8163,1.1550,0.3833
1.9480,0.8560,1.3151,0.3714
1.9758,0.8531,1.3460,0.3599
2.0070,0.7002,1.1917,0.4070
1.9901,0.7133,1.1441,0.3946
2.0045,1.0201,1.3619,0.3152
2.0099,0.8201,1.1812,0.3519
1.9958,0.8346,1.2353,0.3702
1.9878,0.6198,1.0741,0.3911
1.9945,0.8261,1.0535,0.3690
1.9896,0.6857,1.0968,0.3507
1.8942,0.7651,1.1799,0.3682
1.9915,1.1304,1.2982,0.3037
1.9572,1.0281,1.2622,0.3299
1.9751,0.9639,1.1852,0.3032
1.9135,1.1862,1.3934,0.2955
1.9454,0.9702,1.3571,0.3392
1.9434,0.9710,1.4612,0.3080
2.0080,0.8854,1.2887,0.3624
2.0334,0.9115,1.2000,0.3422
1.9628,0.6292,1.1806,0.4123
1.9622,0.9612,1.0674,0.3240
1.9171,0.9685,1.1760,0.3463
1.9520,0.7464,1.1325,0.4017
1.9259,1.1360,1.1042,0.2898
1.9034,0.9736,1.1947,0.3468
1.8737,0.8452,1.2724,0.3790
1.9677,0.8560,1.2305,0.3236
2.0012,1.0246,1.4409,0.3063
1.9059,0.8065,1.2136,0.3805
1.9514,0.6024,1.0427,0.4515
1.8958,0.7855,1.1935,0.4003
1.9708,0.8545,1.1149,0.3693
1.9853,1.2098,1.4545,0.2832
1.9621,0.9076,1.1080,0.3521
1.9740,0.7683,1.1137,0.3731
2.0489,0.9176,0.9958,0.3404
1.9048,0.9170,1.1903,0.3583
1.9183,1.0899,1.3967,0.3296
1.9383,0.8434,1.2078,0.3717
1.9874,0.8227,1.1373,0.3712
1.9795,1.0014,1.1484,0.3335
1.8996,0.7308,1.1908,0.4128
1.9391,0.6312,1.0159,0.4422
1.9682,0.7713,1.0576,0.3922
1.9577,0.8031,1.1716,0.3843
1.9582,0.7776,1.1857,0.3925
2.0804,1.0503,1.3750,0.3052
1.9412,0.9041,1.2016,0.3596
1.9493,0.7696,1.0584,0.3896
1.9791,0.9474,1.1711,0.3341
1.9443,0.9692,1.0368,0.3467
2.0255,0.6930,1.1370,0.4033
1.9346,0.7985,1.1520,0.3825
1.8763,0.8427,1.2364,0.3876
1.8816,0.9549,1.0924,0.3616
1.8945,0.9460,1.0583,0.3611
1.8747,0.7278,1.1040,0.4173
1.8986,0.9784,1.0698,0.3513
1.8961,0.6273,1.0148,0.4522
1.8366,0.8054,1.1010,0.4023
1.8763,0.7080,1.1348,0.4019
1.7894,0.9231,1.1684,0.3698
1.8708,0.7538,1.0912,0.4148
1.8127,0.6697,1.0554,0.4381
1.8660,0.8526,1.0102,0.3819
1.8255,0.9362,1.1054,0.3679
1.8835,1.2978,1.3010,0.2844
1.9100,0.9704,1.2600,0.3409
1.8510,0.9410,1.3856,0.3670
1.8480,0.8402,1.2530,0.3878
1.8018,1.0245,1.2520,0.3550
1.8047,0.7252,1.0662,0.4295
1.7796,0.8674,1.1618,0.3926
1.8427,0.9037,1.2490,0.3699
1.8443,0.7976,1.1594,0.3951
1.7868,0.8484,1.1237,0.3878
1.8909,0.7364,1.2155,0.4148
1.8722,1.3220,1.4699,0.2885
1.8349,0.8844,1.1690,0.3768
1.8319,0.8871,1.2166,0.3841
1.8569,0.7991,1.1600,0.3973
1.8581,0.7306,1.1051,0.4248
1.8564,0.7910,0.9937,0.3981
1.8413,0.8402,1.2489,0.3936
1.8098,0.9399,1.1815,0.3678
1.8266,0.8467,1.1744,0.3907
1.8132,0.8460,1.1079,0.3924
1.8681,0.6924,1.1164,0.4263
2.0417,0.8090,1.1797,0.3620
1.7524,0.8931,1.1681,0.3947
1.8479,0.8180,1.1655,0.3938
1.8326,0.7438,1.0993,0.4208
1.8277,0.9446,1.2032,0.3701
1.8373,0.7171,1.1185,0.4310
1.8481,0.6632,1.0090,0.4349
1.8340,0.8190,1.1867,0.3984
1.8164,0.9720,1.3745,0.3513
1.8236,0.8351,1.1338,0.3795
1.8796,1.0724,1.5153,0.3349
1.8565,1.3154,1.5789,0.2831
1.8308,0.7251,1.1038,0.4274
1.8207,0.7485,1.3287,0.4232
1.8130,0.7744,1.1324,0.4126
1.8671,0.7942,1.2887,0.3983
1.8252,0.8938,1.2763,0.3745
1.8136,0.7987,1.2061,0.4011
1.8580,1.0933,1.3234,0.3327
1.8052,0.6095,1.0472,0.4679
1.8783,0.8772,1.1634,0.3809
1.9075,0.8137,1.2109,0.3808
1.8499,0.7486,1.1734,0.4119
1.8289,1.0404,1.1189,0.3448
1.8423,0.7350,1.0106,0.4278
1.8974,1.1725,1.6778,0.3066
1.8837,0.7951,1.1171,0.3960
1.8671,0.7452,1.0966,0.4155
1.8520,0.7101,1.0609,0.4150
1.9071,0.9391,1.1610,0.3462
1.8278,0.8676,1.1847,0.3868
1.8474,1.0197,1.2308,0.3407
1.8838,1.4767,1.8201,0.2551
1.7799,0.8327,1.2100,0.3992
1.8308,0.8009,1.1066,0.4015
1.8596,0.7787,1.3192,0.3991
1.8415,0.8832,1.0849,0.3844
1.8003,0.9961,1.4458,0.3553
1.7903,1.0608,1.2061,0.3460
1.8159,1.0057,1.2500,0.3522
1.8420,1.1396,1.5455,0.3142
1.8050,0.5954,1.1012,0.4689
1.8484,0.8219,1.2926,0.3929
1.8003,1.3389,1.6270,0.2940
1.7773,0.8233,1.1533,0.4044
1.8275,0.8322,1.0961,0.3892
1.8183,0.6638,1.0833,0.4428
1.9601,0.8072,1.1365,0.3793
1.8554,0.8195,1.4297,0.3937
1.8772,0.8549,1.2473,0.3633
1.8750,0.9459,1.3629,0.3569
1.8623,0.9254,1.3833,0.3535
1.8015,0.6853,1.1516,0.4485
1.9113,0.8526,1.0916,0.3735
1.8147,0.9117,1.2764,0.3735
1.8232,0.5703,1.1571,0.4260
1.9171,0.8061,1.1613,0.3858
1.8306,0.7948,1.2852,0.3916
1.8656,0.9545,1.4228,0.3592
1.8734,0.7860,1.2914,0.3939
1.8806,0.9401,1.3056,0.3580
1.8674,0.7504,1.2214,0.4193
1.8883,1.1093,1.6182,0.3133
1.8137,0.6421,1.2125,0.3883
1.8205,0.7008,1.2461,0.4248
1.8802,0.6726,1.2237,0.4370
1.8216,0.7213,1.3970,0.4299
1.8022,1.0573,1.1289,0.3309
1.9289,0.7302,1.1795,0.3836
1.8817,0.5893,1.1818,0.4778
1.9003,0.8709,1.1338,0.3700
1.8948,0.6290,1.1373,0.4444
1.8038,0.5522,1.0762,0.4718
1.8455,0.9417,1.2544,0.3675
1.9064,0.6896,1.1939,0.4339
1.8593,1.0341,1.3406,0.3408
1.8323,0.7610,1.2038,0.4168
1.8066,0.7246,1.3223,0.4303
1.9521,0.7978,1.3639,0.3769
1.8825,0.7460,1.1559,0.4112
1.8584,0.7850,1.1951,0.3973
1.9534,0.8828,1.2402,0.3504
1.8049,0.9668,1.2454,0.3680
1.8339,0.8689,1.1301,0.3829
1.8479,0.8271,1.2023,0.3957
1.8496,0.8787,1.1915,0.3775
1.9611,0.9602,1.1053,0.3391
1.9253,0.9234,1.3258,0.3516
1.8432,0.8475,1.1633,0.3868
1.8708,0.7831,1.2271,0.4011
1.9225,1.0214,1.6205,0.3327
1.9058,0.9452,1.2479,0.3497
1.9248,0.7008,1.0433,0.4209
1.8950,0.7383,1.1503,0.4125
1.8714,0.7225,1.2150,0.4202
1.8957,0.9309,1.3585,0.3548
1.8380,0.8940,1.3407,0.3783
1.8216,0.8597,1.1938,0.3864
1.8706,0.8962,1.3942,0.3674
1.8510,0.9440,1.4102,0.3583
1.8220,0.7140,1.2609,0.4267
1.8833,1.1048,1.5935,0.3264
1.7642,0.6248,1.1361,0.4763
1.7846,0.8191,1.2400,0.4047
1.8384,0.9269,1.3348,0.3681
1.7932,0.5880,1.1637,0.4809
1.8235,0.8587,1.3127,0.3837
1.8124,1.0132,1.3051,0.3439
1.7891,0.6122,1.1062,0.4763
1.8134,1.0933,1.2694,0.3356
1.7964,0.9867,1.3319,0.3619
1.7779,0.7153,1.0993,0.4405
1.8002,0.7129,1.1304,0.4402
1.7705,0.7113,1.1992,0.4421
1.7681,0.9886,1.3484,0.3678
1.7743,0.7988,1.3882,0.4125
1.8411,0.8369,1.2616,0.3838
1.7695,0.7991,1.2463,0.4167
1.7518,0.7673,1.2652,0.4170
1.7852,0.8925,1.2096,0.3728
1.8054,0.7912,1.2652,0.3741
1.7742,0.5867,1.0586,0.4870
1.8080,0.8094,1.1503,0.3938
1.8118,0.6387,1.2022,0.4673
1.7755,0.9611,1.0906,0.3644
1.7713,0.6085,1.0836,0.4778
1.7805,0.7944,1.2068,0.4142
1.7738,0.6957,1.1447,0.4377
1.7805,0.7770,1.2698,0.4211
1.7621,0.7229,1.1129,0.4379
1.7729,0.7540,1.2344,0.4262
1.8345,0.9012,1.1888,0.3739
1.7307,0.7936,1.1593,0.4197
1.7922,0.8733,1.3277,0.3834
1.8143,0.8435,1.2806,0.3875
1.7316,1.0295,1.3992,0.3516
1.7691,0.6557,1.1208,0.4643
1.7703,0.6074,1.1937,0.4783
1.7435,0.5279,1.0159,0.5176
1.8221,0.7771,1.1533,0.4112
1.7931,1.0476,1.5708,0.3418
1.7745,0.7828,1.3586,0.4104
1.7451,0.8176,1.2171,0.4128
1.8600,0.7427,1.0507,0.4184
1.7096,1.0813,1.2070,0.3518
1.7747,0.6492,1.2544,0.4603
1.7586,0.6751,1.0647,0.4515
1.8252,0.8885,1.3144,0.3754
1.7865,0.6509,1.1835,0.4619
1.9785,1.0406,1.2256,0.3265
1.7785,0.6801,1.1975,0.4470
1.7882,0.8690,1.4202,0.3972
1.8256,0.7272,1.0456,0.4363
1.8116,0.6881,1.0523,0.4440
1.7621,0.7334,1.2541,0.4354
1.8091,0.6034,1.0478,0.4753
1.8123,0.8021,1.2750,0.4043
1.8243,0.6451,1.0981,0.4570
1.8435,0.6736,1.1652,0.4410
1.8692,0.7246,1.1210,0.4208
1.8154,0.8154,1.2422,0.4047
1.7673,0.6318,1.0852,0.4739
1.8614,0.9226,1.2114,0.3651
1.8125,0.7314,1.0772,0.4264
1.8108,0.7509,1.2612,0.4163
1.8267,0.7884,1.1079,0.4082
1.7551,0.6959,1.1150,0.4474
1.8012,0.7123,1.0842,0.4393
1.8646,0.9980,1.4462,0.3486
1.7627,0.6654,1.2022,0.4677
1.8200,0.7365,1.2188,0.4143
1.8087,1.0413,1.2388,0.3425
1.7847,0.8425,1.2096,0.4036
1.8061,1.0799,1.5421,0.3409
1.8657,0.6659,1.1472,0.4432
1.7946,0.7764,1.1356,0.4233
1.9158,1.0339,1.4009,0.3342
1.8421,1.2396,1.3682,0.3018
1.7681,0.7653,1.1331,0.4129
1.8260,0.8465,1.2517,0.3855
1.8148,0.8247,1.3031,0.3999
1.8143,0.9822,1.5304,0.3528
1.8114,0.9291,1.0741,0.3731
1.7975,0.6857,1.1088,0.4355
1.8192,0.7984,1.2687,0.4073
1.8150,0.5468,1.0179,0.4990
1.8465,1.0453,1.2738,0.3427
1.8288,0.7437,1.2045,0.4238
1.9060,0.8169,1.1308,0.3925
1.8700,0.6673,1.1689,0.4408
1.8653,0.7367,1.0667,0.4171
1.7844,0.6882,1.1547,0.4490
1.8670,1.3600,1.5225,0.2851
1.8483,0.9096,1.4362,0.3723
1.8428,0.8004,1.3412,0.3970
1.8339,0.6079,1.0757,0.4685
1.7782,0.5540,1.0378,0.5028
1.8552,0.7134,1.2215,0.4066
1.9055,0.9489,1.6820,0.3527
1.8028,0.9866,1.3571,0.3624
1.8390,0.7230,1.1603,0.4216
1.8525,0.7901,1.0270,0.4006
1.8665,0.9217,1.5438,0.3602
1.7935,0.6030,1.0772,0.4769
1.8586,1.0119,1.4120,0.3517
1.8577,0.7737,1.1824,0.4040
1.8339,0.8892,1.2367,0.3746
1.9039,1.1162,1.2510,0.3161
1.7993,0.8312,1.3006,0.3907
1.8473,0.9827,1.4467,0.3553
1.8582,0.9843,1.4854,0.3520
1.8051,0.7684,1.2355,0.4072
1.8369,1.2277,1.6360,0.3055
1.8818,0.8669,1.2014,0.3772
1.8165,0.7248,1.0938,0.4313
1.7817,0.5792,1.1276,0.4894
1.8086,0.7381,1.0712,0.4268
1.9025,0.7878,0.9967,0.3971
1.8697,0.8131,1.1677,0.3911
1.8645,0.9259,1.2551,0.3588
1.7939,0.6676,1.0970,0.4529
1.8056,0.6662,1.0069,0.4525
1.8264,1.0021,1.0193,0.3569
1.9253,1.0000,1.2146,0.3416
1.8018,1.0037,1.2103,0.3507
1.8084,0.9210,1.1184,0.3745
1.8524,0.9984,1.2650,0.3498
1.8498,0.9414,1.1235,0.3673
1.8558,0.7070,1.1738,0.4158
1.8693,0.7065,1.2140,0.4216
1.8526,1.3013,1.5826,0.2941
1.8867,1.1716,1.1145,0.3087
1.8074,0.6584,1.1026,0.4533
1.8492,0.6709,1.0840,0.4251
1.8641,0.7697,1.0169,0.4133
1.9122,1.1135,1.3211,0.3143
1.8607,0.5848,1.1509,0.4868
1.9019,1.2384,1.2500,0.2869
1.8296,0.7155,1.2363,0.4200
1.9052,0.7964,1.0498,0.3918
1.8953,0.8321,1.1919,0.3856
1.8852,0.8772,1.0000,0.3716
1.9171,0.7929,1.1444,0.3823
1.9327,1.0620,1.4304,0.3239
1.8951,0.7665,1.2122,0.4102
1.9074,1.0333,1.4035,0.2954
1.8921,0.8599,1.1314,0.3808
1.9744,1.1889,1.2212,0.2955
1.9236,0.8221,1.0483,0.3945
1.9126,0.8966,1.3187,0.3657
1.8921,0.8027,1.1107,0.3833
1.8495,0.7285,1.0139,0.4109
1.8420,0.8700,1.1530,0.3858
1.9594,1.1508,1.4512,0.2961
1.8948,0.8729,1.1051,0.3650
1.8778,0.7664,1.1893,0.4148
1.9163,0.7346,1.0158,0.4121
1.9364,0.7270,1.0588,0.4060
1.8635,0.9813,1.1711,0.3517
1.8847,0.7292,1.0478,0.4220
1.8242,0.7850,1.0865,0.4078
1.8280,0.7017,1.0097,0.4372
1.8761,0.7031,1.0839,0.4234
1.9121,0.6696,1.0523,0.4319
1.8734,0.7374,1.0297,0.4180
1.8927,0.6986,1.1370,0.4275
1.8653,0.6973,1.2357,0.4108
1.8482,0.7932,1.0930,0.4059
1.8066,0.6658,1.1349,0.4596
1.8808,0.7282,1.0629,0.4184
1.8974,0.7638,1.1698,0.4018
1.8645,0.8745,1.1822,0.3761
1.8825,0.9196,1.1810,0.3650
1.8518,0.9873,1.2072,0.3557
1.8976,0.9326,1.2075,0.3525
1.8990,0.8199,1.1713,0.3578
1.9031,0.9889,1.1756,0.3426
1.8727,0.7891,1.1435,0.4064
1.8805,0.6955,1.0424,0.4301
1.8449,0.7571,1.0803,0.4034
1.8531,1.0340,1.1862,0.3407
1.9214,0.6631,1.1085,0.4386
1.8694,0.8851,1.2680,0.3814
1.8449,0.6327,1.0000,0.4655
1.8438,0.5531,1.0321,0.4933
1.8162,0.8272,1.1522,0.3966
1.8553,1.0190,1.3299,0.3372
1.8416,0.7042,1.1567,0.4254
1.9961,0.9244,1.1236,0.3412
1.9013,0.9143,1.0806,0.3590
1.9254,0.7840,1.2296,0.3682
1.8801,0.7198,1.0500,0.4179
1.8628,1.1469,1.3631,0.3200
1.7788,0.8374,1.2585,0.3908
1.8591,0.7288,1.0469,0.4253
1.9358,1.0329,1.1245,0.3116
1.8307,1.0223,1.1938,0.3479
1.8505,0.6336,1.1089,0.4531
1.7744,0.7249,1.0203,0.4432
1.8873,0.9265,1.3801,0.3499
1.8453,0.7007,1.0909,0.4372
1.7962,0.9885,1.1357,0.3575
1.8253,0.7503,1.1661,0.4315
1.8293,0.7174,1.0435,0.4333
1.7975,0.7696,1.1034,0.4058
1.8869,1.2683,1.0800,0.2970
1.8969,0.9145,1.0785,0.3611
1.9050,1.0038,1.0747,0.3428
1.8861,0.7845,0.9857,0.4042
1.8372,0.7178,1.3476,0.3843
1.8715,0.9577,1.0203,0.3582
1.7864,0.7242,1.0498,0.4239
1.9096,0.5795,0.9865,0.4496
1.8394,0.8831,1.0511,0.3828
1.8563,0.5957,1.0373,0.4609
1.8732,0.9050,1.0124,0.3586
1.8125,0.7851,1.1328,0.4141
1.8389,0.6021,1.0697,0.4678
1.8322,0.6892,1.1259,0.4212
1.9156,1.5390,1.5684,0.2519
1.8294,0.6676,1.0742,0.4519
1.8224,0.9275,1.1338,0.3478
1.8051,0.6246,1.1927,0.4561
1.8461,0.7685,1.1661,0.4023
1.8474,0.9292,1.3333,0.3719
1.7910,1.2741,1.1058,0.2999
1.7774,0.6911,1.0068,0.4491
1.8058,0.7908,1.1749,0.4069
1.8133,0.7041,0.9899,0.4421
1.8177,0.8204,1.2188,0.3809
1.8104,0.9386,1.2548,0.3641
1.8632,0.9238,1.1473,0.3561
1.8520,0.6667,1.0354,0.4461
1.8844,0.7313,1.0502,0.4225
1.8255,0.7801,1.1371,0.4037
1.7904,0.6760,1.0764,0.4522
1.8108,0.9313,1.1195,0.3733
1.8016,0.5352,1.0664,0.5078
1.8099,0.7920,1.0130,0.4118
1.8528,0.6264,1.0236,0.4632
1.7779,0.7858,1.3213,0.4128
1.8515,0.7717,1.0890,0.4136
1.8069,0.8135,1.0149,0.4085
1.8256,0.6765,1.0100,0.4429
1.8686,0.8714,1.1830,0.3794
1.7902,0.6600,1.0942,0.4523
1.8203,0.6084,1.0316,0.4430
1.8620,1.5346,1.2526,0.2556
1.8938,0.7418,1.0912,0.4046
1.8364,0.7669,1.1385,0.4042
1.7963,0.6150,1.0649,0.4668
1.7437,1.0043,1.1091,0.3630
1.9661,0.9871,1.2391,0.3350
1.8713,0.7306,1.0693,0.4209
1.8362,0.7349,1.0891,0.4224
1.8119,0.8815,1.0330,0.3714
1.8309,0.7447,0.9828,0.4167
1.8067,0.6862,1.0385,0.4391
1.8495,1.2591,1.2438,0.3011
1.7534,0.5489,1.0325,0.5029
1.8765,0.8792,1.0695,0.3741
1.7997,0.6162,1.1250,0.4497
1.8034,0.6517,0.9909,0.4513
1.8419,0.7205,1.1082,0.4307
1.8526,0.7099,1.1193,0.4175
1.8287,0.7074,1.0948,0.3885
1.8330,0.6697,1.1576,0.4441
1.8569,0.7058,1.1303,0.4248
1.8190,0.5607,1.0225,0.4965
1.8218,0.9016,1.1193,0.3682
1.8255,0.7320,1.1015,0.4257
1.7774,0.7708,1.2254,0.4234
1.8440,0.9230,1.3372,0.3715
1.8493,0.5736,1.0425,0.4843
1.8157,0.8630,1.1969,0.3891
1.8050,0.9905,1.2163,0.3508
1.8137,0.8303,1.2377,0.3959
1.8417,0.8396,1.1369,0.3894
1.7736,1.4303,1.5743,0.2838
1.8431,0.7870,0.9554,0.4143
1.8604,0.8042,1.0892,0.3813
1.8961,0.8302,1.2146,0.3828
1.8256,0.8284,1.1246,0.3842
1.7866,0.5704,1.0146,0.4676
1.8630,0.5802,1.0819,0.4787
1.8991,0.8459,0.9783,0.3818
1.8572,0.9866,1.3296,0.3385
1.7907,1.0182,1.2872,0.3603
1.7855,0.8533,1.0242,0.3985
1.8094,0.8356,1.1028,0.3988
1.8185,0.6367,1.0669,0.4605
1.8172,0.9505,1.0898,0.3709
1.8048,0.6007,0.9868,0.4761
1.7516,0.7573,1.1115,0.4273
1.8034,0.7154,1.0362,0.4377
1.8084,0.8820,1.1154,0.3935
1.9023,0.8940,1.1714,0.3705
1.8476,0.8051,1.0790,0.3986
1.8895,0.8459,1.1724,0.3783
1.8468,0.6712,1.1056,0.4375
1.8608,0.7813,1.0000,0.4053
1.8416,0.6357,1.0361,0.4533
1.8208,0.7268,1.0594,0.4071
1.8623,0.9801,1.2620,0.3428
1.7898,0.8249,1.0836,0.4004
1.7804,0.7851,1.0139,0.4193
1.7921,0.6604,1.0091,0.4609
1.8032,0.8758,1.1450,0.3912
1.7710,0.8147,1.0938,0.4085
1.7977,0.6906,1.0722,0.4494
1.7777,1.0133,1.1818,0.3663
1.8245,0.7838,1.1491,0.4178
1.8781,0.9179,1.1135,0.3645
1.8535,0.8866,1.2976,0.3812
1.8037,0.6706,1.1919,0.4484
1.8544,0.8948,1.0952,0.3698
1.7828,0.6694,1.1545,0.4478
1.8444,1.0213,1.3113,0.3454
1.8609,0.8843,1.3506,0.3759
1.8310,0.8769,1.1510,0.3777
1.7957,0.7487,1.1135,0.4216
1.8060,0.9242,1.0486,0.3732
1.8108,0.5919,1.0777,0.4309
1.8403,0.7419,1.0069,0.4249
1.8029,1.0301,1.0283,0.3347
1.9000,1.0154,1.2544,0.3454
1.8122,0.8966,1.1521,0.3819
1.8173,0.7476,0.9967,0.4248
1.8732,0.7182,1.1815,0.4318
1.8131,0.6974,1.0257,0.4331
1.8332,0.7862,1.0328,0.4079
1.7458,0.6453,1.0705,0.4377
1.8597,0.7152,1.0483,0.4177
1.8632,0.7778,1.1014,0.4048
1.8257,1.0055,1.0146,0.3532
1.8726,0.8090,1.1350,0.3847
1.8104,0.9651,1.0236,0.3698
1.9027,0.7296,1.0285,0.4191
1.8066,1.0950,1.1441,0.3192
1.9431,0.9567,1.1538,0.3363
1.8180,0.9824,1.1818,0.3739
1.8298,0.7849,1.2937,0.4079
1.8118,0.7954,1.1145,0.4154
1.7815,0.8243,1.2140,0.4028
1.8831,1.0864,1.2381,0.3313
1.8473,0.8907,1.2255,0.3618
1.8079,0.8163,1.1373,0.4078
1.7981,0.6951,1.0169,0.4151
1.8135,1.1170,1.1198,0.3242
1.8506,0.7008,1.2358,0.4193
1.8045,0.7443,1.1111,0.4105
1.7995,0.8809,1.1148,0.3929
1.8403,0.7681,1.0297,0.4132
1.7996,0.8542,1.0209,0.3955
1.8296,0.7401,1.0230,0.4228
1.8206,1.0082,1.1749,0.3499
1.7927,0.8241,1.2075,0.3980
1.7950,0.9423,1.0471,0.3716
1.7717,0.7459,1.0264,0.4287
1.7688,1.1137,1.0249,0.3432
1.9178,0.7824,1.1880,0.4010
1.8057,0.5995,1.0680,0.4668
1.8738,1.0667,1.3640,0.3317
1.8155,0.7470,1.0498,0.4224
1.8179,1.3849,1.2616,0.2805
1.8578,0.7587,0.9662,0.4007
1.8165,0.7801,1.1929,0.4221
1.7432,0.6289,0.9594,0.4810
1.8069,0.8158,1.0536,0.4041
1.8067,0.7271,1.0462,0.4354
1.7499,0.6291,1.1056,0.4607
1.8303,0.8939,1.0513,0.3814
1.8183,1.0544,1.1283,0.3296
1.8002,0.8932,1.0161,0.3813
1.8155,0.6479,1.1277,0.4397
1.8001,0.7891,1.2711,0.4180
1.8451,0.9233,1.0439,0.3523
1.8357,0.9183,1.0000,0.3717
1.7941,0.6200,1.1189,0.4667
1.8221,0.7247,1.1373,0.4237
1.7747,0.9136,1.1336,0.3782
1.7987,0.8531,1.0646,0.3928
1.8600,1.1177,1.4405,0.3234
1.8101,0.9410,1.4135,0.3689
1.7644,0.6896,1.0532,0.4214
1.8033,0.6658,1.0662,0.4609
1.7723,0.7900,1.1966,0.4243
1.7894,0.8581,1.1004,0.3964
1.7453,0.7139,1.2590,0.4447
1.7880,0.7902,1.0991,0.4132
1.7732,0.8360,1.1296,0.4006
1.8126,0.8222,1.1165,0.4026
1.7861,0.8436,1.1443,0.3999
1.7932,0.8083,1.1520,0.4075
1.7363,0.8356,1.1573,0.4028
1.7918,0.8025,1.1125,0.4111
1.8017,0.8202,1.1525,0.4056
1.7617,0.8275,1.1675,0.4036
1.7418,0.8240,1.1370,0.4037
1.7685,0.8058,1.0990,0.4066
1.7573,0.8283,1.1054,0.4051
1.7470,0.7938,1.0973,0.4123
1.8118,0.8188,1.1410,0.4093
1.7891,0.8083,1.1119,0.4088
1.7587,0.8256,1.1011,0.4035
1.7545,0.8095,1.0835,0.4086
1.7450,0.7986,1.1011,0.4103
1.7861,0.8231,1.1173,0.4033
1.8726,0.8218,1.1354,0.4042
1.7336,0.8088,1.1249,0.4113
1.7552,0.8204,1.1320,0.4115
1.8250,0.8358,1.1367,0.3988
1.7846,0.8202,1.1273,0.4063
1.7601,0.8125,1.1164,0.4082
1.8386,0.8026,1.1208,0.4104
1.7513,0.8451,1.1436,0.3974
1.8618,0.8178,1.1174,0.4046
1.8405,0.8172,1.1262,0.4024
1.8578,0.7968,1.1021,0.4142
1.7679,0.7791,1.1199,0.4167
1.7969,0.8256,1.1154,0.4018
1.8175,0.8298,1.1263,0.4052
1.8153,0.8136,1.1371,0.4074
1.8099,0.8099,1.0980,0.4063
1.8135,0.8370,1.1010,0.4034
1.8551,0.8500,1.1123,0.4013
1.7918,0.8297,1.1499,0.4012
1.7968,0.8144,1.1475,0.4068
1.7557,0.8102,1.1086,0.4103
1.7519,0.8061,1.1195,0.4134
1.8125,0.8103,1.1097,0.4070
1.7765,0.8274,1.1161,0.4034
1.8028,0.8204,1.1162,0.4028
1.7792,0.7981,1.0863,0.4127
1.7565,0.8209,1.0952,0.4040
1.8087,0.8066,1.1042,0.4112
1.7902,0.8283,1.1062,0.4046
1.8061,0.7995,1.1100,0.4131
1.8078,0.8176,1.1097,0.4045
1.7974,0.8088,1.1167,0.4110
1.8172,0.8208,1.1297,0.4079
1.7537,0.8143,1.1024,0.4101
1.7582,0.7932,1.1208,0.4139
1.7851,0.7902,1.1265,0.4121
1.8233,0.8209,1.1229,0.4063
1.7622,0.7906,1.1057,0.4112
1.7785,0.8047,1.1230,0.4088
1.6982,0.8058,1.1102,0.4075
1.7506,0.7916,1.1013,0.4142
1.7486,0.8107,1.1007,0.4103
1.8200,0.8287,1.1040,0.4018
1.7237,0.8243,1.1207,0.4021
1.7816,0.7974,1.1047,0.4148
1.7973,0.8016,1.1116,0.4111
1.7401,0.8212,1.1154,0.4033
1.7770,0.7797,1.1292,0.4181
1.7822,0.8019,1.1671,0.4116
1.7913,0.8196,1.1469,0.4065
1.7982,0.8197,1.1378,0.4077
1.8087,0.8381,1.1052,0.4039
1.7668,0.8457,1.1136,0.4021
1.7887,0.8130,1.0840,0.4090
1.7768,0.7963,1.1191,0.4138
1.9085,0.8217,1.1038,0.4070
1.7777,0.8220,1.1260,0.4042
1.7765,0.8257,1.1487,0.4074
1.7883,0.8099,1.1281,0.4103
1.8011,0.8279,1.1209,0.4077
1.8581,0.8189,1.1245,0.4089
1.8160,0.8115,1.1172,0.4090
1.7867,0.8317,1.1267,0.4047
1.7319,0.8068,1.1244,0.4105
1.8379,0.8402,1.1401,0.3980
1.7868,0.7953,1.1174,0.4130
1.7564,0.8179,1.0855,0.4079
1.8214,0.8111,1.1109,0.4062
1.7974,0.8139,1.1114,0.4078
1.7870,0.8185,1.1271,0.4059
1.8549,0.7974,1.1326,0.4144
1.8195,0.8176,1.0961,0.4063
1.8192,0.8003,1.1153,0.4110
1.7820,0.8237,1.1440,0.4050
1.7830,0.7904,1.1203,0.4144
1.7429,0.8213,1.1356,0.4068
1.7529,0.8152,1.1276,0.4064
1.7450,0.8029,1.1198,0.4128
1.7399,0.8066,1.1214,0.4092
1.8019,0.8314,1.1179,0.4030
1.7225,0.8045,1.0935,0.4142
1.7705,0.7686,1.0992,0.4207
1.7546,0.7930,1.1245,0.4140
1.8042,0.7854,1.1164,0.4174
1.7844,0.8017,1.1459,0.4118
1.7896,0.8107,1.1446,0.4095
1.7863,0.8404,1.1696,0.4033
1.7755,0.8354,1.1228,0.4012
1.8541,0.8115,1.0998,0.4095
1.7827,0.7888,1.0874,0.4175
1.8285,0.8057,1.1139,0.4108
1.7923,0.8277,1.1257,0.4060
1.7759,0.8241,1.1165,0.4058
1.8346,0.8200,1.1577,0.4046
1.7871,0.8052,1.1321,0.4118
1.8024,0.7974,1.1621,0.4114
1.8671,0.7975,1.1126,0.4138
1.7846,0.7944,1.1187,0.4136
1.8032,0.7959,1.1130,0.4123
1.9121,0.8126,1.1354,0.4105
1.8898,0.8203,1.1064,0.4075
1.7834,0.8008,1.1279,0.4105
1.7893,0.7914,1.0914,0.4172
1.8007,0.8279,1.1250,0.4097
1.7747,0.8024,1.1131,0.4153
1.8329,0.7914,1.1493,0.4160
1.8019,0.7984,1.1339,0.4121
1.7920,0.8187,1.1077,0.4065
1.7961,0.7903,1.1439,0.4169
1.8118,0.8636,1.1871,0.3962
1.8160,0.8265,1.1270,0.4050
1.7579,0.8176,1.1195,0.4029
1.7931,0.7912,1.1060,0.4142
1.7461,0.8400,1.1490,0.4031
1.7947,0.7858,1.1235,0.4162
1.8744,0.8181,1.1006,0.4102
1.8179,0.7882,1.1185,0.4142
1.7755,0.8157,1.1629,0.4083
1.8035,0.8105,1.1297,0.4104
1.7867,0.8242,1.1239,0.4047
1.8339,0.8017,1.1374,0.4119
1.7619,0.8192,1.1638,0.4093
1.8007,0.8130,1.1443,0.4103
1.8165,0.7988,1.1207,0.4106
1.8019,0.7973,1.1508,0.4127
1.8210,0.8360,1.1587,0.4032
1.7731,0.7952,1.1339,0.4108
1.7839,0.8087,1.1477,0.4106
1.8749,0.8378,1.1334,0.4030
1.8306,0.8195,1.1300,0.4078
1.8015,0.7898,1.1073,0.4154
1.7767,0.8147,1.1376,0.4110
1.7744,0.8004,1.1243,0.4120
1.8070,0.8340,1.1460,0.4036
1.8499,0.8437,1.1655,0.4008
1.7997,0.8180,1.1415,0.4087
1.8361,0.8502,1.1205,0.3984
1.8734,0.7816,1.1018,0.4149
1.8578,0.8083,1.1387,0.4125
1.7908,0.8261,1.1606,0.4081
1.8393,0.8133,1.1235,0.4114
1.7776,0.8172,1.1168,0.4094
1.7903,0.8009,1.1298,0.4149
1.6948,0.8045,1.1109,0.4141
1.8164,0.7972,1.1579,0.4153
1.8113,0.8159,1.1481,0.4082
1.7928,0.8090,1.1142,0.4129
1.7727,0.7941,1.1104,0.4145
1.7921,0.8135,1.1392,0.4075
1.8387,0.8021,1.1296,0.4131
1.8183,0.7890,1.1223,0.4171
1.8474,0.7987,1.1241,0.4117
1.7975,0.8160,1.0907,0.4097
1.7516,0.8188,1.1183,0.4109
1.7502,0.7746,1.1047,0.4192
1.8340,0.8064,1.1042,0.4111
1.7659,0.7889,1.1252,0.4161
1.7309,0.8207,1.1190,0.4096
1.7484,0.8189,1.1205,0.4078
1.7876,0.8099,1.1120,0.4130
1.7438,0.8200,1.1206,0.4077
1.7781,0.8281,1.1400,0.4045
1.7234,0.8147,1.1370,0.4092
1.6974,0.8138,1.1187,0.4094
1.7104,0.8217,1.1458,0.4067
1.8012,0.7968,1.1332,0.4139
1.8056,0.8441,1.1331,0.4036
1.7777,0.7956,1.1105,0.4138
1.8248,0.8106,1.1102,0.4095
1.7875,0.8225,1.1236,0.4066
1.7568,0.7878,1.1126,0.4163
1.7721,0.8119,1.1149,0.4094
1.7272,0.7967,1.1016,0.4163
1.8077,0.7962,1.1157,0.4143
1.7328,0.8243,1.1183,0.4091
1.7303,0.8126,1.1096,0.4119
1.7824,0.8219,1.1198,0.4060
1.7836,0.8115,1.1327,0.4080
1.7954,0.7985,1.1272,0.4131
1.7331,0.7953,1.1379,0.4138
1.7916,0.8023,1.1213,0.4137
1.7748,0.7879,1.1100,0.4158
1.7654,0.7740,1.1159,0.4190
1.8127,0.7932,1.1304,0.4133
1.7162,0.8021,1.1103,0.4109
1.7482,0.8130,1.1230,0.4084
1.7984,0.8045,1.1225,0.4119
1.7989,0.8135,1.1121,0.4077
1.7609,0.8174,1.1486,0.4095
1.7208,0.8066,1.1221,0.4106
1.6889,0.8164,1.0996,0.4102
1.7459,0.7993,1.1255,0.4135
1.7876,0.8069,1.1027,0.4090
1.8196,0.8319,1.0929,0.4051
1.7738,0.8013,1.1196,0.4154
1.8347,0.8066,1.1143,0.4076
1.8042,0.8174,1.1071,0.4076
1.8512,0.7899,1.1151,0.4174
1.8356,0.8275,1.1363,0.4076
1.7839,0.8230,1.1176,0.4098
1.8243,0.7904,1.0939,0.4181
1.7768,0.8184,1.1182,0.4093
1.7411,0.7977,1.1460,0.4170
1.7988,0.8303,1.1095,0.4053
1.7927,0.7915,1.1033,0.4167
1.7704,0.8203,1.1183,0.4057
1.7957,0.8001,1.0891,0.4158
1.7597,0.8074,1.1400,0.4114
1.8169,0.7712,1.0993,0.4215
1.7947,0.7770,1.1046,0.4184
1.8430,0.8014,1.1287,0.4106
1.7769,0.7974,1.1200,0.4163
1.8335,0.8187,1.1073,0.4104
1.8308,0.8151,1.1184,0.4110
1.7571,0.7831,1.1205,0.4211
1.7503,0.7935,1.0970,0.4170
1.8644,0.7996,1.1161,0.4140
1.8046,0.7971,1.1086,0.4124
1.7600,0.8067,1.1275,0.4115
1.7847,0.8419,1.1193,0.4012
1.7927,0.8193,1.1266,0.4078
1.7469,0.7971,1.0981,0.4126
1.7589,0.8290,1.1045,0.4041
1.7444,0.7929,1.1118,0.4153
1.7873,0.8342,1.1079,0.4060
1.8665,0.8169,1.1073,0.4078
1.8349,0.8215,1.1130,0.4062
1.7003,0.8243,1.1241,0.4038
1.7932,0.8330,1.1181,0.4013
1.7480,0.8096,1.0929,0.4101
1.7720,0.8036,1.1061,0.4120
1.7795,0.8167,1.1169,0.4075
1.7451,0.8112,1.1292,0.4100
1.8302,0.8364,1.1183,0.4040
1.7655,0.8020,1.1221,0.4149
1.7594,0.8116,1.1227,0.4122
1.7767,0.8025,1.0914,0.4113
1.7534,0.7949,1.1025,0.4170
1.8042,0.8068,1.1174,0.4101
1.7694,0.8027,1.1076,0.4131
1.7506,0.8211,1.1161,0.4083
1.7084,0.8084,1.1244,0.4101
1.7582,0.8172,1.1094,0.4076
1.8168,0.8110,1.1168,0.4100
1.8122,0.8052,1.1108,0.4098
1.7648,0.8126,1.1066,0.4113
1.7974,0.8204,1.1195,0.4092
1.7691,0.8285,1.1106,0.4067
1.8074,0.7929,1.1185,0.4161
1.7357,0.8093,1.1195,0.4123
1.7964,0.8019,1.1036,0.4115
1.7825,0.8554,1.1263,0.3975
1.8131,0.8330,1.1212,0.4060
1.8188,0.8030,1.1142,0.4133
1.7904,0.8267,1.1174,0.4053
1.8091,0.8408,1.1475,0.4032
1.7868,0.8194,1.1283,0.4087
1.8048,0.8042,1.1011,0.4128
1.8073,0.8129,1.1142,0.4100
1.7551,0.8053,1.1239,0.4123
1.7921,0.8131,1.1041,0.4096
1.7896,0.8316,1.1367,0.4082
1.7728,0.7719,1.0985,0.4242
1.7368,0.8214,1.1130,0.4089
1.7951,0.8230,1.1200,0.4101
1.7855,0.8336,1.1283,0.4062
1.7913,0.8145,1.1107,0.4118
1.7885,0.8018,1.1080,0.4147
1.7608,0.7862,1.1138,0.4185
1.7170,0.8074,1.1185,0.4127
1.7803,0.8105,1.0913,0.4128
1.7188,0.7909,1.0943,0.4162
1.7391,0.8221,1.1162,0.4089
1.6975,0.8026,1.1157,0.4151
1.8616,0.8097,1.1166,0.4141
1.7115,0.7932,1.1183,0.4160
1.7585,0.7880,1.1055,0.4170
1.7634,0.8297,1.1029,0.4072
1.7861,0.7956,1.1057,0.4141
1.7734,0.8375,1.1280,0.4038
1.8420,0.7909,1.1045,0.4168
1.7316,0.8235,1.1340,0.4048
1.7892,0.7675,1.0889,0.4240
1.7875,0.8127,1.0987,0.4105
1.8217,0.8057,1.1136,0.4093
1.8291,0.8035,1.1072,0.4111
1.7443,0.7845,1.1063,0.4190
1.7948,0.8291,1.1111,0.4075
1.7491,0.8275,1.1214,0.4070
1.7998,0.7971,1.1148,0.4145
1.7990,0.8019,1.1295,0.4112
1.8194,0.8029,1.1062,0.4140
1.8144,0.8161,1.1172,0.4087
1.7814,0.8011,1.1317,0.4145
1.7291,0.7915,1.1133,0.4144
1.7368,0.8174,1.1143,0.4101
1.8032,0.8214,1.1273,0.4074
1.8066,0.8187,1.1316,0.4069
1.7393,0.8118,1.1003,0.4117
1.7654,0.8171,1.1026,0.4085
1.7219,0.7988,1.1139,0.4153
1.7986,0.8037,1.1065,0.4142
1.7584,0.7655,1.1050,0.4264
1.8321,0.8107,1.1116,0.4101
1.7948,0.8098,1.1126,0.4097
1.7575,0.8215,1.1209,0.4101
1.7959,0.8020,1.1449,0.4124
1.8056,0.8213,1.1393,0.4107
1.7879,0.8135,1.1038,0.4101
1.8854,0.8210,1.1275,0.4095
1.7662,0.8050,1.1068,0.4129
1.8076,0.8036,1.1261,0.4109
1.7483,0.8053,1.1143,0.4117
1.8295,0.8118,1.1230,0.4067
1.7455,0.8052,1.1088,0.4122
1.7580,0.7752,1.1200,0.4197
1.7007,0.7934,1.1076,0.4156
1.7693,0.7983,1.1020,0.4152
1.7518,0.8004,1.0955,0.4124
1.7726,0.8215,1.1325,0.4106
1.7728,0.8121,1.1324,0.4128
1.7583,0.8173,1.1044,0.4109
1.7901,0.8043,1.1220,0.4115
1.7808,0.8223,1.1102,0.4066
1.7649,0.8113,1.1103,0.4127
1.7595,0.8106,1.1092,0.4144
1.8436,0.8049,1.1363,0.4129
1.7818,0.8077,1.1173,0.4147
1.7488,0.8187,1.1151,0.4093
1.8131,0.8071,1.1019,0.4136
1.7255,0.8147,1.1024,0.4113
1.8401,0.8096,1.1199,0.4115
1.7834,0.7865,1.1152,0.4176
1.8601,0.7893,1.1144,0.4173
1.7659,0.8166,1.1058,0.4099
1.7448,0.7953,1.1391,0.4175
1.7341,0.7904,1.0942,0.4165
1.7716,0.8427,1.1110,0.4069
1.7341,0.7850,1.1190,0.4187
1.8660,0.7858,1.1241,0.4216
1.7710,0.7993,1.1182,0.4175
1.8059,0.8111,1.1105,0.4128
1.7760,0.8469,1.1020,0.4043
1.8231,0.7867,1.1036,0.4181
1.8529,0.8037,1.0998,0.4134
1.7709,0.8156,1.1083,0.4080
1.7579,0.8251,1.1209,0.4087
1.8009,0.7993,1.1036,0.4147
1.7289,0.8009,1.1136,0.4133
1.7003,0.8028,1.1091,0.4103
1.7578,0.7959,1.1199,0.4136
1.7634,0.8132,1.1214,0.4102
1.7562,0.8020,1.1114,0.4129
1.8207,0.8121,1.1242,0.4121
1.7106,0.7891,1.1143,0.4173
1.7274,0.8147,1.1189,0.4128
1.7753,0.8030,1.1115,0.4125
1.7333,0.8236,1.1294,0.4078
1.7077,0.7857,1.0986,0.4168
1.8435,0.7880,1.1156,0.4156
1.7242,0.8124,1.1025,0.4114
1.7748,0.7891,1.0949,0.4173
1.7346,0.8123,1.1091,0.4117
1.7118,0.8107,1.1103,0.4104
1.7931,0.8008,1.1066,0.4133
1.8255,0.8228,1.1423,0.4078
1.8073,0.8133,1.1039,0.4127
1.7290,0.8079,1.1001,0.4113
1.7615,0.7788,1.1025,0.4224
1.7915,0.7857,1.1001,0.4174
1.7180,0.7998,1.1093,0.4142
1.7966,0.7901,1.1153,0.4177
1.7557,0.7832,1.1212,0.4178
1.7500,0.8162,1.1381,0.4109
1.7373,0.7854,1.1068,0.4186
1.7599,0.7917,1.1051,0.4165
1.7562,0.8159,1.1244,0.4102
1.7715,0.8559,1.1205,0.3986
1.7565,0.7800,1.1043,0.4201
1.7397,0.8064,1.0886,0.4151
1.8291,0.7966,1.0859,0.4176
1.7438,0.8023,1.1084,0.4179
1.7862,0.8393,1.1225,0.3998
1.7347,0.8174,1.1023,0.4104
1.7970,0.8224,1.1156,0.4095
1.7610,0.7745,1.1043,0.4189
1.8186,0.8070,1.1071,0.4099
1.7850,0.8038,1.1070,0.4140
1.7626,0.7993,1.1244,0.4141
1.7904,0.7942,1.1078,0.4163
1.7461,0.8182,1.1037,0.4089
1.8179,0.7802,1.0974,0.4197
1.7205,0.7956,1.1086,0.4163
1.8155,0.7781,1.1018,0.4229
1.8042,0.7903,1.1149,0.4221
1.8093,0.8249,1.1357,0.4078
1.7552,0.8255,1.1247,0.4098
1.7658,0.8532,1.1518,0.3992
1.8254,0.8313,1.1184,0.4085
1.7588,0.7992,1.1201,0.4128
1.7956,0.7875,1.1132,0.4171
1.7181,0.8159,1.0896,0.4117
1.6647,0.8161,1.0923,0.4141
1.7853,0.8199,1.1097,0.4115
1.6945,0.8058,1.1104,0.4113
1.8006,0.8221,1.1145,0.4100
1.7679,0.7919,1.0971,0.4195
1.7726,0.8420,1.1105,0.4033
1.7944,0.8127,1.1046,0.4100
1.7732,0.8404,1.1213,0.4033
1.8025,0.8079,1.1170,0.4096
1.8217,0.7957,1.1020,0.4159
1.7546,0.8123,1.1096,0.4086
1.6998,0.7701,1.0839,0.4241
1.7085,0.7818,1.0968,0.4207
1.7825,0.8112,1.0844,0.4127
1.7719,0.8117,1.0990,0.4134
1.7838,0.7956,1.1031,0.4183
1.8017,0.8302,1.1131,0.4050
1.7395,0.8260,1.1153,0.4055
1.7219,0.8016,1.1111,0.4127
1.7599,0.7961,1.0997,0.4173
1.7475,0.7786,1.0936,0.4218
1.7561,0.8166,1.1128,0.4120
1.7478,0.8205,1.1068,0.4111
1.7090,0.8104,1.1008,0.4132
1.7726,0.8424,1.1189,0.4047
1.7681,0.8074,1.0924,0.4134
1.8363,0.7953,1.1010,0.4184
1.6998,0.7932,1.0942,0.4174
1.7456,0.8022,1.0866,0.4131
1.7890,0.7997,1.1009,0.4166
1.7755,0.8033,1.1168,0.4148
1.7587,0.8176,1.0945,0.4077
1.8070,0.7739,1.0754,0.4256
1.7846,0.7950,1.0893,0.4159
1.7749,0.7910,1.0939,0.4181
1.8266,0.8030,1.1003,0.4134
1.7377,0.7944,1.0950,0.4157
1.7662,0.8209,1.1007,0.4092
1.8744,0.7865,1.0880,0.4191
1.7626,0.7862,1.0877,0.4189
1.7642,0.7939,1.1048,0.4170
1.7169,0.8044,1.0969,0.4142
1.7436,0.8181,1.1047,0.4125
1.7137,0.7956,1.0741,0.4201
1.7882,0.8177,1.1151,0.4082
1.8565,0.8137,1.1145,0.4131
1.7306,0.7943,1.0995,0.4179
1.7840,0.8122,1.1292,0.4128
1.7813,0.7772,1.0940,0.4206
1.7828,0.7821,1.0940,0.4213
1.7578,0.7831,1.0979,0.4216
1.8092,0.8011,1.1001,0.4176
1.7765,0.8352,1.0970,0.4057
1.7473,0.8096,1.1140,0.4136
1.7821,0.8357,1.1224,0.4073
1.7913,0.8085,1.1048,0.4096
1.7573,0.8213,1.1141,0.4103
1.7663,0.8268,1.1019,0.4077
1.7488,0.8240,1.1368,0.4091
1.8040,0.8250,1.1105,0.4114
1.7594,0.7781,1.1016,0.4195
1.7583,0.8045,1.1192,0.4150
1.7799,0.7872,1.1132,0.4159
1.6887,0.7968,1.1050,0.4164
1.7597,0.7836,1.0834,0.4197
1.8352,0.7865,1.0902,0.4215
1.7545,0.7949,1.0978,0.4145
1.7345,0.8133,1.1022,0.4103
1.7876,0.8168,1.1168,0.4100
1.7225,0.8294,1.1032,0.4049
1.7568,0.8409,1.1283,0.4036
1.7340,0.7984,1.0967,0.4165
1.7107,0.8223,1.1248,0.4074
1.7529,0.8355,1.1026,0.4071
1.7760,0.8035,1.0856,0.4147
1.7563,0.7909,1.0919,0.4168
1.8514,0.7886,1.0931,0.4168
1.7977,0.7825,1.0994,0.4203
1.7709,0.7982,1.0961,0.4162
1.7446,0.7763,1.0951,0.4226
1.7621,0.8196,1.1048,0.4117
1.7478,0.7990,1.0956,0.4123
1.6945,0.8268,1.1033,0.4107
1.7880,0.8061,1.1094,0.4156
1.7176,0.8072,1.1359,0.4162
1.8162,0.8056,1.1208,0.4132
1.7187,0.8218,1.1060,0.4095
1.7689,0.7912,1.0874,0.4191
1.7773,0.8009,1.0951,0.4152
1.7710,0.7850,1.1038,0.4192
1.7971,0.8373,1.1302,0.4051
1.7665,0.7950,1.1152,0.4166
1.7740,0.8037,1.0929,0.4164
1.6922,0.8209,1.0990,0.4103
1.8009,0.7943,1.0748,0.4194
1.7810,0.7901,1.1001,0.4175
1.7350,0.7927,1.1195,0.4171
1.7619,0.8104,1.1233,0.4099
1.8113,0.7874,1.1082,0.4179
1.7663,0.8118,1.0938,0.4146
1.7359,0.8153,1.0910,0.4141
1.7481,0.8041,1.1055,0.4144
1.8029,0.8175,1.1288,0.4076
1.7807,0.8297,1.1300,0.4060
1.7084,0.8063,1.1135,0.4145
1.7733,0.8078,1.1204,0.4133
1.7737,0.8196,1.1365,0.4105
1.7539,0.8090,1.1146,0.4134
1.7945,0.7846,1.1171,0.4182
1.8490,0.8067,1.1190,0.4116
1.8124,0.7932,1.0994,0.4182
1.7583,0.7949,1.0987,0.4179
1.7170,0.8206,1.1289,0.4110
1.7724,0.8236,1.1299,0.4094
1.7295,0.8153,1.1101,0.4133
1.7934,0.7758,1.0930,0.4231
1.7913,0.7877,1.1184,0.4179
1.7541,0.7997,1.1214,0.4155
1.6970,0.8129,1.1042,0.4150
1.7718,0.7942,1.1215,0.4174
1.8007,0.8323,1.1248,0.4100
1.8019,0.8130,1.1059,0.4123
1.7441,0.7908,1.0869,0.4180
1.7581,0.7698,1.0961,0.4212
1.7433,0.7733,1.0969,0.4228
1.7598,0.7919,1.1024,0.4168
1.7372,0.8395,1.1036,0.4054
1.7661,0.8117,1.1076,0.4137
1.7537,0.8102,1.1081,0.4122
1.7592,0.8043,1.0995,0.4119
1.7481,0.8135,1.1245,0.4104
1.7595,0.7966,1.1055,0.4152
1.7123,0.7780,1.1041,0.4194
1.8286,0.7978,1.0842,0.4158
1.8087,0.8063,1.1166,0.4150
1.7027,0.8225,1.1197,0.4101
1.7285,0.8075,1.1289,0.4134
1.7709,0.7825,1.0984,0.4186
1.7721,0.8171,1.0971,0.4100
1.7608,0.8148,1.1015,0.4105
1.8216,0.8134,1.1161,0.4115
1.7626,0.8206,1.1080,0.4109
1.7741,0.7979,1.1059,0.4160
1.7078,0.7912,1.0915,0.4184
1.7508,0.8015,1.1147,0.4147
1.7388,0.7996,1.1087,0.4116
1.6968,0.8245,1.1209,0.4073
1.7429,0.8260,1.1186,0.4096
1.7840,0.8162,1.0958,0.4126
1.7101,0.8298,1.0962,0.4086
1.7347,0.8021,1.1043,0.4132
1.7694,0.8095,1.1160,0.4118
1.7286,0.7876,1.1097,0.4200
1.8705,0.7884,1.1001,0.4190
1.8063,0.8351,1.1246,0.4047
1.9142,0.8006,1.1080,0.4156
1.7618,0.8230,1.0994,0.4078
1.7841,0.8105,1.0906,0.4138
1.7415,0.8136,1.0961,0.4127
1.7464,0.8191,1.0955,0.4124
1.7568,0.7853,1.1048,0.4204
1.8552,0.8008,1.1072,0.4153
1.8064,0.8282,1.1056,0.4051
1.7605,0.7817,1.0874,0.4207
1.7254,0.7789,1.0825,0.4182
1.7777,0.8003,1.1068,0.4174
1.7379,0.8085,1.1175,0.4145
1.7771,0.7877,1.1046,0.4193
1.8059,0.8222,1.1214,0.4106
1.7459,0.8120,1.1101,0.4111
1.7353,0.7763,1.0758,0.4243
1.8050,0.8035,1.0951,0.4123
1.7917,0.8055,1.1160,0.4099
1.8083,0.8204,1.0954,0.4108
1.7044,0.7870,1.1041,0.4206
1.8084,0.8022,1.1078,0.4144
1.8064,0.8125,1.1246,0.4121
1.7716,0.7621,1.1093,0.4244
1.7705,0.7859,1.0934,0.4152
1.8186,0.7992,1.1041,0.4129
1.7959,0.7826,1.1091,0.4208
1.7912,0.7741,1.0986,0.4238
1.7858,0.7845,1.1080,0.4190
1.7966,0.8177,1.1128,0.4074
1.7094,0.8114,1.0996,0.4128
1.7959,0.7836,1.0889,0.4229
1.7208,0.8152,1.1008,0.4129
1.7737,0.7970,1.0922,0.4185
1.7970,0.7683,1.0912,0.4279
1.7266,0.8061,1.1186,0.4127
1.7728,0.8287,1.1088,0.4081
1.7413,0.8063,1.1166,0.4099
1.7931,0.8213,1.1062,0.4101
1.6878,0.8062,1.0972,0.4141
1.8551,0.8039,1.0993,0.4161
1.7011,0.7956,1.0895,0.4190
1.7324,0.7952,1.1121,0.4166
1.8025,0.8001,1.0903,0.4174
1.7603,0.8204,1.1077,0.4093
1.7353,0.7796,1.0923,0.4249
1.7369,0.7921,1.0932,0.4180
1.8070,0.8155,1.1056,0.4129
1.7586,0.8064,1.1283,0.4129
1.7572,0.8270,1.1209,0.4082
1.7365,0.7954,1.1003,0.4199
1.6700,0.8069,1.1005,0.4131
1.8104,0.8272,1.0937,0.4112
1.6972,0.8059,1.1084,0.4161
1.7807,0.8118,1.1015,0.4133
1.7203,0.8118,1.1089,0.4147
1.7343,0.8016,1.0834,0.4203
1.7708,0.7878,1.1131,0.4213
1.7420,0.8332,1.1102,0.4107
1.7721,0.8109,1.1019,0.4126
1.7503,0.7759,1.0874,0.4266
1.7566,0.8305,1.0911,0.4082
1.8125,0.8289,1.1041,0.4098
1.8553,0.8323,1.0958,0.4092
1.7417,0.8072,1.0945,0.4154
1.8760,0.8327,1.1017,0.4096
1.7721,0.8053,1.1107,0.4139
1.7768,0.7962,1.0884,0.4184
1.8332,0.8052,1.0983,0.4148
1.7781,0.7929,1.0849,0.4205
1.7768,0.8063,1.0989,0.4126
1.6964,0.8116,1.0942,0.4144
1.7944,0.8104,1.1054,0.4141
1.7175,0.7861,1.1075,0.4175
1.7631,0.8244,1.1072,0.4104